date,temp_max,temp_min,temp,feelslike,humidity,precip,precip_prob,windgust,windspeed,winddir,cloudcover,visibility,conditions,day_of_week,is_weekend,has_rain
22-07-2024,27.9,20.2,23.7,24.1,82.3,0.2,100,55.8,31.7,253.5,82.4,5.7,"Rain, Partially cloudy",Monday,FALSE,1
23-07-2024,28,21.4,24.1,24.4,83.3,0.5,100,54,29.5,248.5,83.7,5.6,"Rain, Partially cloudy",Tuesday,FALSE,1
24-07-2024,26,20.4,23,23,86.2,3,100,61.6,26.1,249.4,78.7,6,"Rain, Partially cloudy",Wednesday,FALSE,1
25-07-2024,26.9,20.4,22.9,23,89.4,0.5,100,76.7,33.8,252.6,88.5,5.5,"Rain, Partially cloudy",Thursday,FALSE,1
26-07-2024,27.9,21,23.6,24,85.7,0.9,100,67.7,29.7,260.3,74.4,5.7,"Rain, Partially cloudy",Friday,FALSE,1
27-07-2024,29,20.9,24.4,24.8,77.7,0.3,100,64.1,33.6,264.4,79.8,6.4,"Rain, Partially cloudy",Saturday,TRUE,1
28-07-2024,26,21.7,23.7,23.7,80.9,0.3,100,61.9,29,250.5,60.5,6.5,"Rain, Partially cloudy",Sunday,TRUE,1
29-07-2024,29,21.2,24.5,25,80.9,4,100,57.6,29.5,245.5,70.3,6.4,"Rain, Partially cloudy",Monday,FALSE,1
30-07-2024,27,21.1,23.3,23.5,87.9,4.5,100,49.3,28,239.8,83.4,6.1,"Rain, Partially cloudy",Tuesday,FALSE,1
31-07-2024,28.8,20.4,23.3,23.7,86.6,28,100,47.9,22.1,244.5,78.5,5.8,"Rain, Partially cloudy",Wednesday,FALSE,1
01-08-2024,27.8,20.4,23.4,23.6,85.9,0.5,100,43.6,25.8,248.3,68.8,6.6,"Rain, Partially cloudy",Thursday,FALSE,1
02-08-2024,27.9,20.9,23.6,24,88.1,2.5,100,50.4,24.2,245.9,88.2,5.8,"Rain, Partially cloudy",Friday,FALSE,1
03-08-2024,27.9,20.4,23.8,24.1,84.3,5.2,100,49.3,22.4,248.8,86.6,6.3,"Rain, Partially cloudy",Saturday,TRUE,1
04-08-2024,28.9,20.4,24.9,25.5,78,0.1,100,43.6,22.3,249.8,69.7,6.6,"Rain, Partially cloudy",Sunday,TRUE,1
05-08-2024,28.9,21.2,24.2,24.7,82.1,38,100,37.8,18.4,258.9,74.1,6.2,"Rain, Partially cloudy",Monday,FALSE,1
06-08-2024,28.9,20.9,23.6,24.2,86.2,0.3,100,34.6,18.4,252.1,85.1,6.1,"Rain, Partially cloudy",Tuesday,FALSE,1
07-08-2024,26.9,20.4,23.3,23.4,87.1,6,100,33.8,15.1,260.5,87.4,5.8,"Rain, Partially cloudy",Wednesday,FALSE,1
08-08-2024,27.9,21.1,24.2,24.6,82.9,4.5,100,38.5,20.4,263.6,70.6,6.1,"Rain, Partially cloudy",Thursday,FALSE,1
09-08-2024,28.9,21.1,24.9,25.6,77.6,15.9,100,34.9,16.4,279.5,71.4,6.9,"Rain, Partially cloudy",Friday,FALSE,1
10-08-2024,28.9,21.7,24.7,25.1,84.8,3.3,100,32.4,14.8,270.9,73.2,6.1,"Rain, Partially cloudy",Saturday,TRUE,1
11-08-2024,30.9,22.2,26.3,27.5,75.9,7.9,100,31.7,16.6,308.8,57,6.8,"Rain, Partially cloudy",Sunday,TRUE,1
12-08-2024,30.9,21.9,26,27.6,82.3,5.9,100,28.4,14.7,315,65.7,6.3,"Rain, Partially cloudy",Monday,FALSE,1
13-08-2024,30.9,22.9,26.5,27.9,78.1,0.5,100,29.5,16.4,85,60.8,6.8,"Rain, Partially cloudy",Tuesday,FALSE,1
14-08-2024,30.9,23.4,26.9,28.3,75.8,1.6,100,27,14.6,105.2,59.1,5.9,"Rain, Partially cloudy",Wednesday,FALSE,1
15-08-2024,29.9,23.8,26.5,28.2,80.3,0.1,100,20.5,12.9,132.4,57.8,6.4,"Rain, Partially cloudy",Thursday,FALSE,1
16-08-2024,30.8,23.7,26.5,28.2,82.7,13,100,19.4,11,168.7,78.1,5.6,"Rain, Partially cloudy",Friday,FALSE,1
17-08-2024,31.9,22,26.8,28.7,78.4,5.4,100,28.4,12.8,161.5,71,6.4,"Rain, Partially cloudy",Saturday,TRUE,1
18-08-2024,29.9,22.7,25.4,26.3,83.5,0.5,100,20.5,18.7,235.8,70.3,6.6,"Rain, Partially cloudy",Sunday,TRUE,1
19-08-2024,30,22.4,25.4,26.5,84.4,4,100,22.3,14.6,234.2,56,5.6,"Rain, Partially cloudy",Monday,FALSE,1
20-08-2024,29.9,22.1,25.8,27.1,81.5,17,100,20.2,14.6,178.4,71.1,6.4,"Rain, Partially cloudy",Tuesday,FALSE,1
21-08-2024,29,22.1,25.3,26,81.4,3.2,100,37.8,22.2,201,67.8,6,"Rain, Partially cloudy",Wednesday,FALSE,1
22-08-2024,29.9,20.7,25,25.8,76.2,0.2,100,44.6,24.2,230.3,61.5,6.9,"Rain, Partially cloudy",Thursday,FALSE,1
23-08-2024,29.9,22.1,25.7,26.7,75.3,0.1,100,40.3,18.8,233.5,50.8,6.9,"Rain, Partially cloudy",Friday,FALSE,1
24-08-2024,28.9,21.4,25,25.5,76.6,0.7,100,50.4,31.4,239.9,61.5,6.4,"Rain, Partially cloudy",Saturday,TRUE,1
25-08-2024,28.9,21.4,24.3,24.8,78.3,0,0,48.2,31.5,245.8,62.5,6.6,Partially cloudy,Sunday,TRUE,0
26-08-2024,28.9,20.9,24.5,24.9,76.5,0.2,100,51.1,31.7,245.3,63.5,6.8,"Rain, Partially cloudy",Monday,FALSE,1
27-08-2024,28.9,21.4,24.4,24.9,78.8,0.7,100,46.4,25.7,248.9,63.9,6.3,"Rain, Partially cloudy",Tuesday,FALSE,1
28-08-2024,26.9,21.2,23.9,24.2,80.5,4.5,100,45,24.1,250,76.1,6.4,"Rain, Partially cloudy",Wednesday,FALSE,1
29-08-2024,26.9,20.7,22.9,23,87.4,27,100,47.5,24,248.6,85.5,5.9,"Rain, Partially cloudy",Thursday,FALSE,1
30-08-2024,27.9,20.4,23.2,23.5,84.4,7,100,43.2,22.5,260.2,72.5,6.2,"Rain, Partially cloudy",Friday,FALSE,1
31-08-2024,25.9,21.1,23.4,23.4,84.5,3.3,100,47.2,24.3,263.1,79.5,6.1,"Rain, Partially cloudy",Saturday,TRUE,1
01-09-2024,29.9,21.4,24.5,25.1,77.8,1.5,100,56.9,27.8,268.8,70,6.3,"Rain, Partially cloudy",Sunday,TRUE,1
02-09-2024,29.9,21.4,24.3,24.6,80.8,2.1,100,47.5,27.7,241.8,62.5,6.3,"Rain, Partially cloudy",Monday,FALSE,1
03-09-2024,28.9,21.2,24.5,24.8,78.9,0.4,100,47.5,24.2,244.7,69.4,6,"Rain, Partially cloudy",Tuesday,FALSE,1
04-09-2024,28.9,21.4,24.5,24.9,78.7,0.2,100,47.2,24.1,259.7,69.1,5.9,"Rain, Partially cloudy",Wednesday,FALSE,1
05-09-2024,29.9,21.4,25.2,25.8,77.3,1.1,100,46.8,24,260.8,72.5,6.6,"Rain, Partially cloudy",Thursday,FALSE,1
06-09-2024,27.9,21.4,24.2,24.5,77.5,0.6,100,49,24.1,264.8,72.4,6.5,"Rain, Partially cloudy",Friday,FALSE,1
07-09-2024,28,21,23.7,24.1,79.7,4.8,100,43.9,22.6,260.1,70.7,6.8,"Rain, Partially cloudy",Saturday,TRUE,1
08-09-2024,27,21,23.5,23.7,77.5,2.3,100,50.4,27.7,255.2,84.8,6.8,"Rain, Partially cloudy",Sunday,TRUE,1
09-09-2024,29,21,24.1,24.5,77.6,1.7,100,41.4,29.7,247.2,74.5,6.5,"Rain, Partially cloudy",Monday,FALSE,1
10-09-2024,29,21.2,24.4,24.8,78.8,2,100,54.7,29.7,240.9,69.3,6.3,"Rain, Partially cloudy",Tuesday,FALSE,1
11-09-2024,28.6,20.4,24,24.3,76,0.2,100,43.6,26.2,247.4,57.6,6.8,"Rain, Partially cloudy",Wednesday,FALSE,1
12-09-2024,29.9,20.7,24.9,25.5,74.2,0.2,100,42.1,22.5,258.9,61.5,6.8,"Rain, Partially cloudy",Thursday,FALSE,1
13-09-2024,29.9,20,25,25.5,73.4,0,0,38.9,20.4,264.2,51,7,Partially cloudy,Friday,FALSE,0
14-09-2024,29.9,21.4,25.5,25.9,69.2,0.1,100,38.5,22.6,270.1,51.8,6.9,"Rain, Partially cloudy",Saturday,TRUE,1
15-09-2024,30,20.9,24.7,25.1,73.6,0.3,100,41.4,26.1,267.5,61.1,7,"Rain, Partially cloudy",Sunday,TRUE,1
16-09-2024,29,19.9,25,25.6,73.1,0.2,100,42.5,20.8,276.4,53,7,"Rain, Partially cloudy",Monday,FALSE,1
17-09-2024,30.9,20.9,25.5,26.2,70.2,0.3,100,41.8,25.9,270.7,56.6,7.1,"Rain, Partially cloudy",Tuesday,FALSE,1
18-09-2024,30.9,20.1,25.1,25.3,64.3,0,0,33.8,20.3,276.2,47,7.1,Partially cloudy,Wednesday,FALSE,0
19-09-2024,30.9,19.5,25.3,25.7,68.5,2,100,28.8,15.1,261.2,43.6,7.2,"Rain, Partially cloudy",Thursday,FALSE,1
20-09-2024,30.9,21.1,25.5,25.8,67.9,0.3,100,31.3,18.4,263.9,58,7.2,"Rain, Partially cloudy",Friday,FALSE,1
21-09-2024,30.3,21.4,25,25.5,74,0.4,100,37.1,22.1,264.7,66.6,6.4,"Rain, Partially cloudy",Saturday,TRUE,1
22-09-2024,29,20.2,24.7,25.2,78.7,0.1,100,38.2,18.4,260.9,68.9,6.7,"Rain, Partially cloudy",Sunday,TRUE,1
23-09-2024,29.9,21.7,24.8,25.5,79.2,0.6,100,36.7,18.3,256.3,70.3,6.9,"Rain, Partially cloudy",Monday,FALSE,1
24-09-2024,28,21.9,24.9,25.4,80.8,1.5,100,44.6,22,243.4,67.3,6.8,"Rain, Partially cloudy",Tuesday,FALSE,1
25-09-2024,28.8,22.1,24.8,25.4,79.1,0,0,42.8,24,247,73.4,6.8,Partially cloudy,Wednesday,FALSE,0
26-09-2024,28.9,21.2,24.9,25.6,77.7,0.1,100,35.6,20.6,244.4,73.2,6.6,"Rain, Partially cloudy",Thursday,FALSE,1
27-09-2024,28,21,24.7,25.2,76.2,0.5,100,32.8,22.1,251.2,68.1,8.4,"Rain, Partially cloudy",Friday,FALSE,1
28-09-2024,29.9,21.4,25.6,26.6,76.2,4,100,15.8,16.7,295.2,67.6,6.7,"Rain, Partially cloudy",Saturday,TRUE,1
29-09-2024,30.9,20.9,25.3,26.5,78.5,11,100,27,18.2,111.1,65.9,5.8,"Rain, Partially cloudy",Sunday,TRUE,1
30-09-2024,31.9,22.4,26.6,27.7,73.6,0.4,100,24.5,14.7,128.6,55.4,6.4,"Rain, Partially cloudy",Monday,FALSE,1
01-10-2024,31.3,22.9,26.9,28.2,71.4,2.3,100,23,12.8,142.3,46.3,6.2,"Rain, Partially cloudy",Tuesday,FALSE,1
02-10-2024,32.9,21.1,26.5,27.7,75.4,18,100,13.3,20.4,230.3,59.4,6.7,"Rain, Partially cloudy",Wednesday,FALSE,1
03-10-2024,28.9,20.1,23.6,23.9,85,11,100,28.1,18.5,256,75.5,6,"Rain, Partially cloudy",Thursday,FALSE,1
04-10-2024,29.9,21.9,25.3,26.3,80.4,0.2,100,27.4,14.8,270.7,73.2,6.4,"Rain, Partially cloudy",Friday,FALSE,1
05-10-2024,29.9,21.2,23.9,24.4,83.9,35.8,100,18.7,13.2,280.8,86.4,5.2,"Rain, Partially cloudy",Saturday,TRUE,1
06-10-2024,30.9,20.9,25.1,25.7,79.1,6,100,14.4,14.7,102,72.7,5.9,"Rain, Partially cloudy",Sunday,TRUE,1
07-10-2024,29.1,21,24.4,24.8,78.6,0.6,100,26.6,16.5,96.2,81.4,5.7,"Rain, Partially cloudy",Monday,FALSE,1
08-10-2024,29.9,21.9,25.6,26.7,78.6,0.4,100,25.2,16.4,116.2,68.8,5.8,"Rain, Partially cloudy",Tuesday,FALSE,1
09-10-2024,29.9,22.1,25.8,26.7,74.6,0.1,100,32.8,18.2,124.4,54.4,6.3,"Rain, Partially cloudy",Wednesday,FALSE,1
10-10-2024,28.9,22.9,25.6,26.4,76.9,3.3,100,28.8,16.5,127.1,62.8,5.6,"Rain, Partially cloudy",Thursday,FALSE,1
11-10-2024,28.9,21.4,25,25.8,81.6,2.2,100,29.5,14.8,111.2,67.9,5.9,"Rain, Partially cloudy",Friday,FALSE,1
12-10-2024,27.9,21.4,24.3,24.8,82.8,4,100,33.8,16.5,113,59.9,6.5,"Rain, Partially cloudy",Saturday,TRUE,1
13-10-2024,28.8,21,24.2,24.6,85,0.5,100,30.6,18.4,92.3,59.5,6.4,"Rain, Partially cloudy",Sunday,TRUE,1
14-10-2024,24.9,21.1,23.1,23.1,85.5,3.5,100,31,16.5,28.5,77.9,5.9,"Rain, Partially cloudy",Monday,FALSE,1
15-10-2024,22,20,21.1,21.1,92.3,75,100,27,13,261.7,92.2,4.2,"Rain, Overcast",Tuesday,FALSE,1
16-10-2024,23.5,19.5,21.4,21.4,93.9,10,100,19.1,11.2,285.8,95.5,4.7,"Rain, Overcast",Wednesday,FALSE,1
17-10-2024,28.8,21,23.7,24.1,85.3,0,0,26.6,13,241.3,74.8,5.9,Partially cloudy,Thursday,FALSE,0
18-10-2024,27.9,20.9,24.7,25.2,79.1,0.8,100,24.8,16.6,241.7,61.9,6.7,"Rain, Partially cloudy",Friday,FALSE,1
19-10-2024,27,21.6,23.3,23.5,88.3,17.8,100,20.2,14.8,255.8,86,5.4,"Rain, Partially cloudy",Saturday,TRUE,1
20-10-2024,29.8,21.4,24.5,25,85.5,13,100,17.6,11.3,58.9,81,6.2,"Rain, Partially cloudy",Sunday,TRUE,1
21-10-2024,28.9,21.4,24.6,25.3,84.6,24,100,23,14.6,118.8,74.7,5.5,"Rain, Partially cloudy",Monday,FALSE,1
22-10-2024,28.9,21,23.5,24,85.4,23,100,18,9.5,91.9,69.1,5.9,"Rain, Partially cloudy",Tuesday,FALSE,1
23-10-2024,30.9,21.2,24.3,24.8,82.8,11,100,15.8,16.6,65.8,68.7,5.6,"Rain, Partially cloudy",Wednesday,FALSE,1
24-10-2024,28.7,20.7,23.6,24.1,87.5,3,100,20.9,9.2,201.9,82,5.3,"Rain, Partially cloudy",Thursday,FALSE,1
25-10-2024,29.9,21.1,24.5,24.8,77.1,0,0,25.2,11.2,296.2,61.5,5.2,Partially cloudy,Friday,FALSE,0
26-10-2024,28.9,20,24.3,24.6,74.7,0.2,100,28.1,11.5,309.2,48.9,4.8,"Rain, Partially cloudy",Saturday,TRUE,1
27-10-2024,28.9,18.9,23.8,24.2,75.4,0,0,22.7,9.6,292.1,42.7,5.1,Partially cloudy,Sunday,TRUE,0
28-10-2024,31.8,19.9,25,25.7,75,0.1,100,19.4,12.8,235.1,49.7,5,"Rain, Partially cloudy",Monday,FALSE,1
29-10-2024,29.9,21,25.5,26.2,74.4,0.4,100,20.2,11.3,241.4,48.6,5.2,"Rain, Partially cloudy",Tuesday,FALSE,1
30-10-2024,28.8,22.8,24.8,25.2,82.8,0.5,100,16.2,9.4,148.3,69,3.9,"Rain, Partially cloudy",Wednesday,FALSE,1
31-10-2024,29.9,21.9,24.7,25.5,83.5,3.6,100,18.7,11.2,126.6,85.1,4.1,"Rain, Partially cloudy",Thursday,FALSE,1
01-11-2024,29.9,21.4,25.2,25.9,79.9,0.3,100,26.6,11.4,95.6,70.6,5,"Rain, Partially cloudy",Friday,FALSE,1
02-11-2024,29.9,21.7,25.2,25.8,77.9,1,100,25.6,14.7,77.5,62.6,5.2,"Rain, Partially cloudy",Saturday,TRUE,1
03-11-2024,28.9,21.5,24.7,25.3,77.3,0.6,100,29.2,20,90.3,58.8,6.2,"Rain, Partially cloudy",Sunday,TRUE,1
04-11-2024,28.9,21.7,24.3,24.7,79,0.4,100,25.9,14.6,92.6,63.4,5.8,"Rain, Partially cloudy",Monday,FALSE,1
05-11-2024,27.9,20.9,23.8,24,74.3,0,0,26.6,14.8,71.7,51.7,5.6,Partially cloudy,Tuesday,FALSE,0
06-11-2024,28.9,18.9,24.2,24.4,69.8,0,0,29.2,11.4,34.7,54,5.6,Partially cloudy,Wednesday,FALSE,0
07-11-2024,26.1,21.7,23.8,23.8,80.2,0.2,100,33.5,20.3,48.4,69.6,4.7,"Rain, Partially cloudy",Thursday,FALSE,1
08-11-2024,29.6,20,24.6,24.8,73.3,0,0,32,14.9,67.7,53.2,5.2,Partially cloudy,Friday,FALSE,0
09-11-2024,28.9,20.4,24.5,24.7,68.8,0,0,31,14.9,70.6,45.3,6.3,Partially cloudy,Saturday,TRUE,0
10-11-2024,28.6,19.9,24.3,24.4,69.8,0,0,29.9,14.7,53.3,44,5.8,Partially cloudy,Sunday,TRUE,0
11-11-2024,28,19.9,23.9,24.1,74,0,0,33.1,18.2,52.3,46.6,4.8,Partially cloudy,Monday,FALSE,0
12-11-2024,25.9,21,23.6,23.6,82.2,2.7,100,33.1,13.1,30.6,81.9,3.7,"Rain, Partially cloudy",Tuesday,FALSE,1
13-11-2024,26.9,21.1,23.9,24.2,85.2,0.4,100,34.9,16.8,68.2,79.2,5,"Rain, Partially cloudy",Wednesday,FALSE,1
14-11-2024,26,21.9,23.3,23.3,89.3,4,100,38.5,16.6,69.1,81.2,5.1,"Rain, Partially cloudy",Thursday,FALSE,1
15-11-2024,27.9,20.9,23.4,23.8,88.1,11,100,28.1,21.9,68.2,69,6.1,"Rain, Partially cloudy",Friday,FALSE,1
16-11-2024,27.9,20,23.7,24.1,86,3,100,35.6,22,75.4,64.8,5.7,"Rain, Partially cloudy",Saturday,TRUE,1
17-11-2024,27.9,21.1,23.9,24.1,80.9,0.2,100,30.2,14.8,64.2,62.1,4.9,"Rain, Partially cloudy",Sunday,TRUE,1
18-11-2024,27.9,21.8,23.8,24.1,81.8,0,0,34.6,16.6,78.3,56.5,3.5,Partially cloudy,Monday,FALSE,0
19-11-2024,27.9,20.9,23.5,23.7,79.5,0,0,27.7,14.7,61.9,49.9,3.8,Partially cloudy,Tuesday,FALSE,0
20-11-2024,26.9,19.9,22.9,23,81,0,0,27.7,16.4,97.5,49.5,3.2,Partially cloudy,Wednesday,FALSE,0
21-11-2024,26.9,19.9,22.9,23.1,78.6,0,0,28.8,13,67.1,45.8,3.5,Partially cloudy,Thursday,FALSE,0
22-11-2024,28.9,17,23,23,73.1,0,0,20.5,14.5,55,36.9,5.2,Partially cloudy,Friday,FALSE,0
23-11-2024,28.9,17.9,22.9,23.1,77.1,0,0,19.4,14.4,81.6,37.3,4.8,Partially cloudy,Saturday,TRUE,0
24-11-2024,28.1,19.9,23.5,23.6,76.7,0,0,20.9,14.8,75.5,49.5,5,Partially cloudy,Sunday,TRUE,0
25-11-2024,27.9,19.4,23.1,23.2,76.1,0,0,26.3,14.5,70.2,55.2,5.2,Partially cloudy,Monday,FALSE,0
26-11-2024,24.9,19.4,21.3,21.3,85.8,0,0,39.2,18.4,35.9,73.8,4.1,Partially cloudy,Tuesday,FALSE,0
27-11-2024,24.9,18.9,21.6,21.6,82.7,0.6,100,42.1,18.5,36.4,76.7,3.9,"Rain, Partially cloudy",Wednesday,FALSE,1
28-11-2024,26.8,17,21.6,21.6,65.7,0,0,37.1,13.2,19.9,43,5.1,Partially cloudy,Thursday,FALSE,0
29-11-2024,27.1,20.1,22.9,23,72.6,0.2,100,40.7,18.4,12.1,54.9,5.9,"Rain, Partially cloudy",Friday,FALSE,1
30-11-2024,23.9,20.7,22.3,22.3,87.7,2,100,45.7,20.3,337.1,75.6,4.4,"Rain, Partially cloudy",Saturday,TRUE,1
01-12-2024,22.9,20.2,22,22,92.7,10.8,100,41.8,18.4,317.9,89.1,4.1,"Rain, Partially cloudy",Sunday,TRUE,1
02-12-2024,22.9,20.2,22.1,22.1,93.5,50,100,30.2,20.4,39,92.5,3.7,"Rain, Overcast",Monday,FALSE,1
03-12-2024,26,20.9,23,23,91,25,100,25.2,18.3,110.2,81.5,5,"Rain, Partially cloudy",Tuesday,FALSE,1
04-12-2024,27.9,20.1,23.5,23.7,83.1,0.1,100,32.4,16.5,93.7,66.6,5.6,"Rain, Partially cloudy",Wednesday,FALSE,1
05-12-2024,27.9,20.9,23.6,23.9,86.1,2.8,100,28.8,14.6,88.3,65.8,5.9,"Rain, Partially cloudy",Thursday,FALSE,1
06-12-2024,28,21.7,24.2,24.6,79.2,0,0,23.4,18.2,100.7,48.9,6.3,Partially cloudy,Friday,FALSE,0
07-12-2024,28.1,20.6,23.9,24.2,82.1,0.1,100,28.1,14.7,105.5,49.6,5.8,"Rain, Partially cloudy",Saturday,TRUE,1
08-12-2024,29.6,20.4,24.3,24.4,74.2,0,0,20.2,11.1,128.4,39.4,6,Partially cloudy,Sunday,TRUE,0
09-12-2024,28.9,19.9,23.7,23.9,74.3,0,0,18,11.2,105.5,42.4,5.3,Partially cloudy,Monday,FALSE,0
10-12-2024,28.2,19.9,23.7,23.9,74.9,0,0,28.8,14.8,63,58,4.7,Partially cloudy,Tuesday,FALSE,0
11-12-2024,25.9,19.9,23,23,79.5,0,0,39.2,18.8,51.3,73.7,5.2,Partially cloudy,Wednesday,FALSE,0
12-12-2024,22.9,20.7,21.8,21.8,90.3,3,100,35.3,16.4,52.8,91.5,3.3,"Rain, Overcast",Thursday,FALSE,1
13-12-2024,24.9,20,22.1,22.1,87.6,0.4,100,40.3,18.1,61.1,91.1,3.3,"Rain, Overcast",Friday,FALSE,1
14-12-2024,26,19.8,22.2,22.2,81.7,0.3,100,34.6,16.6,74.9,66.7,4.1,"Rain, Partially cloudy",Saturday,TRUE,1
15-12-2024,26.9,16.9,21.1,21.1,75.5,0,0,32,16.5,62.9,40.1,4.6,Partially cloudy,Sunday,TRUE,0
16-12-2024,27.9,16.8,21.1,21.1,70.3,0,0,28.1,16.3,68,39.5,4.7,Partially cloudy,Monday,FALSE,0
17-12-2024,28.8,15,21.8,22.1,78.8,0,0,25.9,11.2,27.9,43.4,4.9,Partially cloudy,Tuesday,FALSE,0
18-12-2024,25.9,19.4,22.7,22.7,84.1,1.7,100,29.9,14.8,28.9,56.5,5.3,"Rain, Partially cloudy",Wednesday,FALSE,1
19-12-2024,26.9,20.6,23.4,23.6,82.9,0,0,29.9,11,31.3,64.2,5.7,Partially cloudy,Thursday,FALSE,0
20-12-2024,28.9,20.9,24,24.5,81.2,0.4,100,31.3,9.6,2.9,51.4,5.7,"Rain, Partially cloudy",Friday,FALSE,1
21-12-2024,30.8,19.7,24.2,24.5,74.8,0,0,20.2,11,10.4,42.9,6.1,Partially cloudy,Saturday,TRUE,0
22-12-2024,28,20.9,23.6,23.8,79.3,0,0,15.8,14.7,87.2,53.3,5.2,Partially cloudy,Sunday,TRUE,0
23-12-2024,27.9,20,23.5,23.7,75.5,0.2,100,22.3,11.2,97.9,55.6,5.6,"Rain, Partially cloudy",Monday,FALSE,1
24-12-2024,28.8,17.9,23.2,23.3,72.3,0,0,23.4,9.3,52.6,45.6,5.5,Partially cloudy,Tuesday,FALSE,0
25-12-2024,26.9,18,22.7,22.8,79.7,0.3,100,23,14.5,21.7,56.6,5.3,"Rain, Partially cloudy",Wednesday,FALSE,1
26-12-2024,24.9,20.4,22.4,22.4,88,0.1,100,34.2,18.3,53.9,75.2,5.8,"Rain, Partially cloudy",Thursday,FALSE,1
27-12-2024,23.8,19.7,21.6,21.6,89.5,0.2,100,38.2,16.9,81.1,76.1,4.4,"Rain, Partially cloudy",Friday,FALSE,1
28-12-2024,26.2,18.9,22.1,22.1,78.6,0,0,32,20.4,84.7,47.2,5.7,Partially cloudy,Saturday,TRUE,0
29-12-2024,28.9,17.5,22.8,22.9,73.6,0,0,26.3,21.9,69,40.6,5.5,Partially cloudy,Sunday,TRUE,0
30-12-2024,27.9,18.7,22.4,22.6,80.6,0.1,100,38.2,18.5,68.5,55.4,5.9,"Rain, Partially cloudy",Monday,FALSE,1
31-12-2024,28.6,17.4,22.8,22.9,69.5,0,0,38.5,20.8,77.4,33.4,6.2,Partially cloudy,Tuesday,FALSE,0
01-01-2025,27.9,17.8,22.5,22.5,71.7,0,0,37.4,20.6,67.8,26.3,5.3,Partially cloudy,Wednesday,FALSE,0
02-01-2025,27.1,17.2,21.8,21.8,70.2,0,0,37.8,18.1,77,25.4,5,Partially cloudy,Thursday,FALSE,0
03-01-2025,27.9,17.8,21.6,21.6,71.3,0,0,36.7,22.1,69.8,36.4,5.2,Partially cloudy,Friday,FALSE,0
04-01-2025,26.6,14.9,20.2,20.2,72.3,0,0,31.7,14.9,94.1,34.2,4.8,Partially cloudy,Saturday,TRUE,0
05-01-2025,28.9,15.9,21.1,21.1,71.7,0,0,24.1,16.3,87.9,28.9,4.7,Partially cloudy,Sunday,TRUE,0
06-01-2025,27.9,16.7,21.3,21.2,70.1,0,0,20.5,11.1,109.7,31.8,5.1,Partially cloudy,Monday,FALSE,0
07-01-2025,27.9,16.7,21.5,21.5,70.7,0,0,23.4,9.4,78.8,32.5,5.2,Partially cloudy,Tuesday,FALSE,0
08-01-2025,28,16.8,21.7,21.5,64.6,0,0,28.4,20.3,73.1,20.1,5.6,Partially cloudy,Wednesday,FALSE,0
09-01-2025,25.3,14.9,19.8,19.8,75.8,0,0,37.8,20.6,90.9,43.4,4.3,Partially cloudy,Thursday,FALSE,0
10-01-2025,25,17,20.6,20.6,79.3,0,0,29.9,16.6,98.1,48.7,4.1,Partially cloudy,Friday,FALSE,0
11-01-2025,24,18,20.6,20.6,82.7,0,0,28.1,16.6,94.5,83.1,5.1,Partially cloudy,Saturday,TRUE,0
12-01-2025,28.9,16.9,22,22.1,74.8,0,0,24.8,15.4,91.8,47,4.9,Partially cloudy,Sunday,TRUE,0
13-01-2025,25.6,20,22,22,81.8,1.1,100,31,18.4,82.5,71.1,5.4,"Rain, Partially cloudy",Monday,FALSE,1
14-01-2025,26.8,19,21.8,21.8,80.8,1.4,100,36.7,18.4,88.6,72.3,5.8,"Rain, Partially cloudy",Tuesday,FALSE,1
15-01-2025,24,16.9,20.7,20.7,78.2,99,100,34.6,20.5,82.6,61.8,6,"Rain, Partially cloudy",Wednesday,FALSE,1
16-01-2025,26,16.9,21,21,74,0,0,34.6,20.3,90.2,48.1,5.8,Partially cloudy,Thursday,FALSE,0
17-01-2025,25,15.9,20.3,20.3,77.8,0,0,35.6,22.3,83.8,43.3,4.2,Partially cloudy,Friday,FALSE,0
18-01-2025,26.9,16.9,21.3,21.3,71.8,0,0,31.7,18.4,86.2,46.7,5.1,Partially cloudy,Saturday,TRUE,0
19-01-2025,21.9,18,19.8,19.8,89.8,5,100,32.4,11.3,53.2,80.5,3.7,"Rain, Partially cloudy",Sunday,TRUE,1
20-01-2025,28,17.9,22,22,70.3,0,0,29.5,18.1,52.1,40,5.4,Partially cloudy,Monday,FALSE,0
21-01-2025,27.9,14.9,20.8,20.7,65,0,0,31,22.1,62.6,22.3,5.8,Partially cloudy,Tuesday,FALSE,0
22-01-2025,28.2,13.9,21,21.1,68.9,0,0,24.1,18.2,96.3,22.7,6.1,Partially cloudy,Wednesday,FALSE,0
23-01-2025,29,17.9,22.2,22.2,73,0,0,27.4,14.9,103,43.1,5.2,Partially cloudy,Thursday,FALSE,0
24-01-2025,28,16,21.3,21.3,69.3,0,0,29.5,18.4,90,30.9,6.4,Partially cloudy,Friday,FALSE,0
25-01-2025,29.1,14.9,21.1,20.9,66.4,0,0,29.9,16.3,91,37.7,5.5,Partially cloudy,Saturday,TRUE,0
26-01-2025,29.9,14,21.9,21.6,55.5,0,0,36.4,18.5,87.4,20.9,5.4,Partially cloudy,Sunday,TRUE,0
27-01-2025,29,14.9,21.6,21.4,64,0,0,27.7,11.2,80.2,15.9,6,Clear,Monday,FALSE,0
28-01-2025,29,14,21.4,21.2,63.6,0,0,23.4,16.5,89.5,28.4,5.9,Partially cloudy,Tuesday,FALSE,0
29-01-2025,30.3,15.9,22,21.8,66.1,0,0,29.9,18,88.5,27.1,5.3,Partially cloudy,Wednesday,FALSE,0
30-01-2025,28.9,17,22.1,22.2,73.5,0,0,22.7,16.2,113.9,38.5,4.9,Partially cloudy,Thursday,FALSE,0
31-01-2025,30.6,19.7,24.1,24.2,70.7,0,0,24.1,13,109.9,36.6,5.8,Partially cloudy,Friday,FALSE,0
01-02-2025,30.3,19.9,24.4,24.3,66.7,0,0,22.7,12.9,104.9,36.7,6.4,Partially cloudy,Saturday,TRUE,0
02-02-2025,31.8,17.9,23.8,23.5,58.6,0,0,22.7,14.8,81.9,14.6,6.3,Clear,Sunday,TRUE,0
03-02-2025,31,14.9,23.2,22.8,55.4,0,0,25.6,16.5,101.1,12.7,6.1,Clear,Monday,FALSE,0
04-02-2025,31,14.8,22.8,22.4,50.9,0,0,28.4,16.6,94.4,9.4,6.7,Clear,Tuesday,FALSE,0
05-02-2025,30.8,16,23.3,23,55.3,0,0,35.6,22.1,105.3,5.5,6.2,Clear,Wednesday,FALSE,0
06-02-2025,30.1,14,22.6,22.3,53.4,0,0,36.4,24,102.5,5.6,6.7,Clear,Thursday,FALSE,0
07-02-2025,30.3,14.9,22.8,22.5,52.4,0,0,36,20.7,93.3,4.2,6.6,Clear,Friday,FALSE,0
08-02-2025,30,15.9,22.8,22.7,60,0,0,37.4,20.6,94.5,7,5.7,Clear,Saturday,TRUE,0
09-02-2025,29.1,16.9,23.1,23,63.1,0,0,38.5,18.5,92.1,3.3,5.3,Clear,Sunday,TRUE,0
10-02-2025,29,17,22.5,22.4,68.1,0,0,30.2,20.4,89.2,23.3,4.9,Partially cloudy,Monday,FALSE,0
11-02-2025,30.9,14.9,22.9,22.5,55.1,0,0,25.9,14.8,87.6,20.1,5.4,Partially cloudy,Tuesday,FALSE,0
12-02-2025,32,14.9,23.8,23.1,44.9,0,0,31,18.2,84.3,14.4,6.8,Clear,Wednesday,FALSE,0
13-02-2025,31.9,15,23.8,23.4,50.2,0,0,31.7,22.1,81.8,3.3,6.6,Clear,Thursday,FALSE,0
14-02-2025,32.1,15.9,24.6,24.1,47.2,0,0,24.5,16.3,87.5,2.9,6.6,Clear,Friday,FALSE,0
15-02-2025,32,16,24.5,24.1,50.7,0,0,27,13,90.2,2.9,6.6,Clear,Saturday,TRUE,0
16-02-2025,32,17.9,24.3,24,52.3,0,0,26.3,16.8,89.3,2.9,6.4,Clear,Sunday,TRUE,0
17-02-2025,31.3,16,24,23.6,58.7,0,0,28.8,16.6,100.1,3.6,6.1,Clear,Monday,FALSE,0
18-02-2025,31.8,16.9,24.3,23.9,55.9,0,0,26.6,20.5,95.1,2.9,5.9,Clear,Tuesday,FALSE,0
19-02-2025,33.1,17,25.2,24.6,52.2,0,0,25.2,16.3,89.8,3.8,6.5,Clear,Wednesday,FALSE,0
20-02-2025,32,19,25.1,24.8,54.4,0,0,28.8,16.6,102.6,3.3,6.3,Clear,Thursday,FALSE,0
21-02-2025,32.3,17.9,24.8,24.5,56.4,0,0,29.5,16.8,93.6,6,6.7,Clear,Friday,FALSE,0
22-02-2025,32.1,17,24.9,24.5,58.7,0,0,29.2,18.4,76.9,17.8,6,Clear,Saturday,TRUE,0
23-02-2025,32,18,25.3,24.8,52.5,0,0,41,22.8,66.4,18.6,6.5,Clear,Sunday,TRUE,0
24-02-2025,31,17.9,24.6,24.1,52.1,0,0,41.4,22.3,80,5.5,6.6,Clear,Monday,FALSE,0
25-02-2025,31,15.9,23.8,23.6,59.7,0,0,37.1,20.4,86.7,12.4,6.5,Clear,Tuesday,FALSE,0
26-02-2025,31,17,24.3,24.1,54.4,0,0,43.9,25.9,89.3,9.9,7.3,Clear,Wednesday,FALSE,0
27-02-2025,31,16.9,24.1,23.7,55.1,0,0,43.2,25.9,82.4,7.6,6.5,Clear,Thursday,FALSE,0
28-02-2025,31.3,17.9,24.1,23.8,57.6,0,0,33.1,18.4,86.5,14.2,7,Clear,Friday,FALSE,0
01-03-2025,30.1,18.9,24.5,24.7,68.5,0,0,33.8,20.3,90.9,27.1,6.2,Partially cloudy,Saturday,TRUE,0
02-03-2025,32,20.9,25.5,25.5,63.8,0,0,29.2,16.3,99.8,37.3,6.7,Partially cloudy,Sunday,TRUE,0
03-03-2025,32.9,19.9,26.6,26.2,54.2,0,0,31.7,14.8,64.3,33.8,6.5,Partially cloudy,Monday,FALSE,0
04-03-2025,32.9,20.9,26.5,25.9,48.9,0,0,42.1,23.2,79.6,20.3,6.8,Partially cloudy,Tuesday,FALSE,0
05-03-2025,33,18.9,26.3,25.7,46.6,0,0,32,16.6,79.6,16.5,6.7,Clear,Wednesday,FALSE,0
06-03-2025,32.9,19,26.5,26.2,49.5,0,0,23.8,11.1,54.4,19.3,6.8,Clear,Thursday,FALSE,0
07-03-2025,33.9,18.9,26.1,25.4,40.7,0,0,21.6,11.2,68,3.3,6.4,Clear,Friday,FALSE,0
08-03-2025,33,18,26,25.5,43.5,0,0,22,16.3,85.7,12.5,6.3,Clear,Saturday,TRUE,0
09-03-2025,33.6,18.9,26,25.3,49.6,0,0,34.2,22.6,91.5,5.6,6.4,Clear,Sunday,TRUE,0
10-03-2025,30.9,18,24.1,24,61.7,0,0,38.2,22.5,85.3,14.3,6.5,Clear,Monday,FALSE,0
11-03-2025,31.1,17.9,23.8,24,72.1,0.3,100,42.5,24.1,91.3,37,6.3,"Rain, Partially cloudy",Tuesday,FALSE,1
12-03-2025,31.7,20,25,25.5,71.6,2.9,100,43.2,23.9,95.6,42.4,6.9,"Rain, Partially cloudy",Wednesday,FALSE,1
13-03-2025,33.9,19,26.4,25.9,59,0,0,29.5,22.1,97.9,21.2,6.9,Partially cloudy,Thursday,FALSE,0
14-03-2025,35,18.9,27.2,26.5,52.3,0,0,32.8,22.5,96,8,6.8,Clear,Friday,FALSE,0
15-03-2025,33.9,17,26.8,25.8,46.1,0,0,32,22.1,89.4,4.4,6.9,Clear,Saturday,TRUE,0
16-03-2025,33.1,18.8,26.3,26.3,58.2,0,0,24.8,13.2,119.7,11.7,7.1,Clear,Sunday,TRUE,0
17-03-2025,34.9,21,27.5,28,61,0,0,22,11.5,190.9,28.6,6.4,Partially cloudy,Monday,FALSE,0
18-03-2025,34.3,22.9,27.9,28,56.6,0,0,28.4,18.4,116.6,18.5,6.8,Clear,Tuesday,FALSE,0
19-03-2025,33.3,22,26.7,26.8,61.9,0,0,29.2,16.3,127.4,23.5,6.7,Partially cloudy,Wednesday,FALSE,0
20-03-2025,33.6,21,26.5,26.3,58.1,0,0,32,14.8,121.6,21.2,6.7,Partially cloudy,Thursday,FALSE,0
21-03-2025,31.9,20,26.4,26.6,62.2,0,0,24.8,13.1,128,30,6.7,Partially cloudy,Friday,FALSE,0
22-03-2025,32.6,20.4,24.6,25.2,75.3,12,100,28.8,18.4,153.4,48,5.8,"Rain, Partially cloudy",Saturday,TRUE,1
23-03-2025,30.9,20.1,25.1,25.8,73.1,4.2,100,25.9,18.1,104,62.5,5.4,"Rain, Partially cloudy",Sunday,TRUE,1
24-03-2025,31.9,22,26.5,26.7,64.1,0.1,100,27.7,22.3,94.9,53.7,6.4,"Rain, Partially cloudy",Monday,FALSE,1
25-03-2025,32.9,21,26.7,26.6,60.3,0,0,23.8,18.4,106.4,36.5,6.1,Partially cloudy,Tuesday,FALSE,0
26-03-2025,33,21,27.1,26.9,53.5,0,0,21.2,14.8,100.6,32.1,6.7,Partially cloudy,Wednesday,FALSE,0
27-03-2025,33.8,20.9,27.3,27.3,54.1,0,0,22.7,14.8,194,28.6,6.7,Partially cloudy,Thursday,FALSE,0
28-03-2025,33.1,21.9,27.9,27.9,52.6,0,0,23,16.4,106.7,31.5,6.5,Partially cloudy,Friday,FALSE,0
29-03-2025,34,20.9,28,27.3,42,0,0,25.6,18.4,102.4,5,6.3,Clear,Saturday,TRUE,0
30-03-2025,34,19.9,27.3,26.5,34.7,0,0,29.2,14.9,115.6,5.5,6.7,Clear,Sunday,TRUE,0
31-03-2025,33,19,27,26.4,41,0,0,34.2,20.3,91.9,20.4,6.8,Partially cloudy,Monday,FALSE,0
01-04-2025,31.8,19.9,25.7,25.7,60.7,0,0,29.9,20.4,108.2,37.4,6,Partially cloudy,Tuesday,FALSE,0
02-04-2025,31.8,20.9,26.1,26.4,64.4,0,0,29.9,16.5,127.9,38.5,5.9,Partially cloudy,Wednesday,FALSE,0
03-04-2025,28,19.3,23.7,23.9,81.3,4,100,26.3,23.5,137.4,62.3,5.5,"Rain, Partially cloudy",Thursday,FALSE,1
04-04-2025,32,21.9,25.7,26,71.1,2.4,100,27.7,22.1,56.3,62.2,6.4,"Rain, Partially cloudy",Friday,FALSE,1
05-04-2025,32.4,21,26.7,27.1,64.1,2.2,100,26.3,17.9,113,48.9,6.8,"Rain, Partially cloudy",Saturday,TRUE,1
06-04-2025,32.9,22.7,27.3,27.7,62.2,0.2,100,27.4,18.5,73.6,54.5,6.6,"Rain, Partially cloudy",Sunday,TRUE,1
07-04-2025,34,22,27.7,27.5,59.1,0.1,100,31,25.8,93.7,32.7,6.2,"Rain, Partially cloudy",Monday,FALSE,1
08-04-2025,34,21.9,27.8,27.7,57.2,0,0,29.5,20.4,89.6,27.1,6.7,Partially cloudy,Tuesday,FALSE,0
09-04-2025,33.9,21,27.4,27.2,54.6,0,0,27,18,77.8,31.2,6.8,Partially cloudy,Wednesday,FALSE,0
10-04-2025,32.3,22,27.2,28,63.9,0.1,100,28.4,24.1,245.9,44.4,6.7,"Rain, Partially cloudy",Thursday,FALSE,1
11-04-2025,31.9,22.1,26.4,27,63.8,1,100,31.3,24,253.9,44.9,6.3,"Rain, Partially cloudy",Friday,FALSE,1
12-04-2025,32.9,20,25.6,26.1,67.7,4,100,27.4,21.7,251.2,46,6.6,"Rain, Partially cloudy",Saturday,TRUE,1
13-04-2025,33,21,26,25.9,59.6,0.3,100,29.5,25.1,90.6,61.3,6.7,"Rain, Partially cloudy",Sunday,TRUE,1
14-04-2025,32.6,20.1,25.7,26,65.6,6,100,27.4,13,103.7,45.5,6.2,"Rain, Partially cloudy",Monday,FALSE,1
15-04-2025,33.9,22,27.1,27.3,57.3,0.8,100,51.8,13.4,183.5,50,6.5,"Rain, Partially cloudy",Tuesday,FALSE,1
16-04-2025,32.9,20.7,24.9,25.4,74.5,12.2,100,25.9,25.9,184.2,54.7,6,"Rain, Partially cloudy",Wednesday,FALSE,1
17-04-2025,32.9,20.7,26.3,27.2,68.9,0.8,100,25.2,12.7,221.5,43.4,6.8,"Rain, Partially cloudy",Thursday,FALSE,1
18-04-2025,31.8,23,26.3,27.3,73.6,0.6,100,26.3,25.9,194.3,67.1,6.3,"Rain, Partially cloudy",Friday,FALSE,1
19-04-2025,32.8,22,26.5,27.5,69.9,0.1,100,23,21.6,260.1,52.6,6.4,"Rain, Partially cloudy",Saturday,TRUE,1
20-04-2025,33,22.9,26.1,27,75,1,100,37.1,22,243.2,45.9,6.5,"Rain, Partially cloudy",Sunday,TRUE,1
21-04-2025,33,20.9,27.1,27.8,62.5,0,0,26.3,15.1,98.6,34.7,6.6,Partially cloudy,Monday,FALSE,0
22-04-2025,34,21,27.6,27.8,57.6,0,0,25.2,18.5,113.3,14.4,6.4,Clear,Tuesday,FALSE,0
23-04-2025,34.9,22.9,28.8,29.1,55.7,0,0,20.5,18.2,136.4,26.7,7.1,Partially cloudy,Wednesday,FALSE,0
24-04-2025,35.1,23,28.7,29.2,59.3,0,0,21.6,18,188.2,29.6,6.7,Partially cloudy,Thursday,FALSE,0
25-04-2025,34,24,28.6,29.2,58.8,0,0,23.4,12.5,172,35.3,6.3,Partially cloudy,Friday,FALSE,0
26-04-2025,32.9,23.9,28.1,29.1,61.2,0,0,29.5,14.6,135.3,38.1,6.7,Partially cloudy,Saturday,TRUE,0
27-04-2025,33,22.9,28,28.7,61.4,0,0,20.5,18.2,130.9,45.5,6.8,Partially cloudy,Sunday,TRUE,0
28-04-2025,33.3,22.9,27.6,28.6,63.6,0,0,31,16.3,118,49.6,6.7,Partially cloudy,Monday,FALSE,0
29-04-2025,33.9,23.9,28.4,29.3,60.5,0.1,100,22.3,18.2,138,43.8,6.6,"Rain, Partially cloudy",Tuesday,FALSE,1
30-04-2025,33.1,23,27.2,28,64.2,4,100,23.4,14.6,213.5,51.3,6.5,"Rain, Partially cloudy",Wednesday,FALSE,1
01-05-2025,33,21.1,26.4,26.9,65.9,21,100,23.4,20.1,221.3,51,7,"Rain, Partially cloudy",Thursday,FALSE,1
02-05-2025,33,20.1,25.1,26.2,76.2,6,100,25.9,22.6,240.9,59.7,6.2,"Rain, Partially cloudy",Friday,FALSE,1
03-05-2025,32,20.4,26.2,27,66.7,7.3,100,26.6,14.9,258.6,39.8,6.8,"Rain, Partially cloudy",Saturday,TRUE,1
04-05-2025,33,21.9,27.1,28,66.1,0.2,100,31,18.2,267.4,39.9,6.8,"Rain, Partially cloudy",Sunday,TRUE,1
05-05-2025,32.2,22,27.2,28.4,65.7,0,0,22,14.4,203,40.2,6.7,Partially cloudy,Monday,FALSE,0
06-05-2025,33.9,22,27.8,27.9,56.1,0,0,26.3,22.1,268.3,38,6.9,Partially cloudy,Tuesday,FALSE,0
07-05-2025,32.9,23.9,27.6,28.1,62.1,0,0,28.8,16.6,253,49.7,6.6,Partially cloudy,Wednesday,FALSE,0
08-05-2025,32,22,27,27.4,61.6,0,0,27,22.1,239.6,46.6,7,Partially cloudy,Thursday,FALSE,0
09-05-2025,32,22,27,27.3,58.1,0,0,21.2,16.6,280.2,41.1,6.9,Partially cloudy,Friday,FALSE,0
10-05-2025,32.1,22.9,26.8,27.2,63.2,0.1,100,20.9,18.4,251,55,6.7,"Rain, Partially cloudy",Saturday,TRUE,1
11-05-2025,33,23,26.6,27.3,65.6,0.1,100,20.9,18.4,264.3,52.5,6.4,"Rain, Partially cloudy",Sunday,TRUE,1
12-05-2025,33,21,27.1,27.8,66.5,0.3,100,28.1,20.4,249.1,47.8,7.1,"Rain, Partially cloudy",Monday,FALSE,1
13-05-2025,31.6,21,24.4,24.9,81.1,40.7,100,30.6,21.6,259.9,61.7,6.1,"Rain, Partially cloudy",Tuesday,FALSE,1
14-05-2025,31.9,20.3,25.5,26.6,74.9,8.7,100,31.7,27,275.3,49.4,6.9,"Rain, Partially cloudy",Wednesday,FALSE,1
15-05-2025,31,19,25.1,26.2,76.5,17,100,21.2,20.6,276.3,68.2,6.8,"Rain, Partially cloudy",Thursday,FALSE,1
16-05-2025,30,21,25.1,26,77.7,1,100,23.4,14.8,269.6,60.3,6.7,"Rain, Partially cloudy",Friday,FALSE,1
17-05-2025,29.9,21,24.3,25.3,84.6,45,100,32.4,18.2,270.5,73.3,5.9,"Rain, Partially cloudy",Saturday,TRUE,1
18-05-2025,29.9,21,24.7,25.5,82.2,10,100,35.3,15.1,283.5,72.1,6.5,"Rain, Partially cloudy",Sunday,TRUE,1
19-05-2025,28,21,23.3,23.5,88.1,118,100,24.1,18.7,273.4,90.5,5.5,"Rain, Overcast",Monday,FALSE,1
20-05-2025,26,21.1,23,23,89.3,26,100,37.4,15.3,254.6,85.1,6,"Rain, Partially cloudy",Tuesday,FALSE,1
21-05-2025,27,21,23.3,23.4,82,1.8,100,49.7,22.6,252.1,71.6,6.3,"Rain, Partially cloudy",Wednesday,FALSE,1
22-05-2025,29,21,24.4,24.7,75.5,0.2,100,41.8,24.2,246.1,66.3,6.4,"Rain, Partially cloudy",Thursday,FALSE,1
23-05-2025,28,21,24,24.3,81.6,1,100,50,29.4,235,54.3,6.5,"Rain, Partially cloudy",Friday,FALSE,1
24-05-2025,26,22,23.7,23.7,80.9,0.4,100,64.4,33.5,231.4,87.3,7.1,"Rain, Partially cloudy",Saturday,TRUE,1
25-05-2025,27,21,23.2,23.4,83.8,0.8,100,61.2,44.6,237.9,81.3,7.5,"Rain, Partially cloudy",Sunday,TRUE,1
26-05-2025,27,21,22.8,22.9,85.5,5,100,70.2,33.3,245.3,82.4,6,"Rain, Partially cloudy",Monday,FALSE,1
27-05-2025,28,20,23.6,24,83.8,3.3,100,66.2,31.7,253.3,73.4,6.7,"Rain, Partially cloudy",Tuesday,FALSE,1
28-05-2025,28,21,23.3,23.6,84,2,100,62.6,35.4,257,76.6,6.6,"Rain, Partially cloudy",Wednesday,FALSE,1
29-05-2025,26,21,23.1,23.1,85.6,0.2,100,50,33.1,245.5,79.2,6.1,"Rain, Partially cloudy",Thursday,FALSE,1
30-05-2025,26.9,21,23.2,23.3,87.5,3,100,43.2,26,245.6,83.7,5.8,"Rain, Partially cloudy",Friday,FALSE,1
31-05-2025,29,21,24.4,25,80.5,0,0,49.3,26,251.5,67.2,6.6,Partially cloudy,Saturday,TRUE,0
01-06-2025,30,21,25,25.7,76.7,0,0,42.8,26,254.1,42.3,7.2,Partially cloudy,Sunday,TRUE,0
02-06-2025,29.9,21,24.3,24.9,77.8,0.2,100,45.4,29.5,245.6,53.2,6.7,"Rain, Partially cloudy",Monday,FALSE,1
03-06-2025,28,21,24.1,24.5,80.7,3.8,100,49,26.1,244.4,50.6,6.7,"Rain, Partially cloudy",Tuesday,FALSE,1
04-06-2025,30.3,21,25.2,25.7,71.8,0.8,100,35.6,22.3,264.5,50.2,7,"Rain, Partially cloudy",Wednesday,FALSE,1
05-06-2025,31,20,25.5,25.9,70.6,0,0,33.5,22.3,273.9,45,7.1,Partially cloudy,Thursday,FALSE,0
06-06-2025,30.9,22.9,26.5,27.1,65.8,0,0,27,16.4,263.7,44.1,6.9,Partially cloudy,Friday,FALSE,0
07-06-2025,31,22,26.2,27,68.8,0,0,31.7,20.4,255.2,43.7,7,Partially cloudy,Saturday,TRUE,0
08-06-2025,31,22,26.3,27.1,69.6,0.4,100,35.6,18.4,266.2,43.4,6.9,"Rain, Partially cloudy",Sunday,TRUE,1
09-06-2025,29.6,22,24.4,24.7,81.8,3.6,100,45.4,18.8,263.7,68.9,6.4,"Rain, Partially cloudy",Monday,FALSE,1
10-06-2025,30.9,21.3,25.2,25.9,77.6,31,100,33.1,26,271.3,49.3,7.2,"Rain, Partially cloudy",Tuesday,FALSE,1
11-06-2025,28.9,21,23.7,24.2,85.8,5,100,33.1,22.3,263.6,86.5,5.9,"Rain, Partially cloudy",Wednesday,FALSE,1
12-06-2025,27.9,21,23.9,24.2,82.6,3.3,100,35.3,24.4,243.9,74,6.7,"Rain, Partially cloudy",Thursday,FALSE,1
13-06-2025,26.9,21,23.6,23.8,84.8,0.1,100,41,18.6,236.7,76.3,7.2,"Rain, Partially cloudy",Friday,FALSE,1
14-06-2025,26.9,20,23,23.1,85.7,1,100,53.6,31.3,235.3,80.6,6.3,"Rain, Partially cloudy",Saturday,TRUE,1
15-06-2025,27.9,20,22.6,22.8,84.3,0.1,100,60.8,35.4,238.8,74.7,6.1,"Rain, Partially cloudy",Sunday,TRUE,1
16-06-2025,27,20,22.9,23,81.2,9,100,59,33.6,243.9,80.8,6.8,"Rain, Partially cloudy",Monday,FALSE,1
17-06-2025,26.1,21,23.1,23.1,85.1,1,100,52.2,29.4,245.2,68.7,6.5,"Rain, Partially cloudy",Tuesday,FALSE,1
18-06-2025,28,20.9,23.4,23.7,83,2,100,50.4,24.1,241.2,70.1,6.4,"Rain, Partially cloudy",Wednesday,FALSE,1
19-06-2025,28.1,20.9,24.2,24.6,77.3,0,0,47.9,28,248.8,52.8,6.8,Partially cloudy,Thursday,FALSE,0
20-06-2025,30,21,24.9,25.6,76.7,0.1,100,42.1,27.8,248.3,50,6.9,"Rain, Partially cloudy",Friday,FALSE,1
21-06-2025,29.9,21,24.7,25.1,76.5,0.1,100,39.6,29.7,252.4,55.4,6.7,"Rain, Partially cloudy",Saturday,TRUE,1
22-06-2025,28,21,23.5,23.8,82.1,7,100,43.9,27.6,248.8,59.5,6.4,"Rain, Partially cloudy",Sunday,TRUE,1
23-06-2025,27.9,20,23.5,23.8,77.4,1.2,100,49.7,33.6,246,72.6,6.4,"Rain, Partially cloudy",Monday,FALSE,1
24-06-2025,27.9,21,23.6,23.8,80.6,1.6,100,59.4,33.6,245.1,62,6.7,"Rain, Partially cloudy",Tuesday,FALSE,1
25-06-2025,27.1,21,23.5,23.7,83.1,1.5,100,52.6,29.7,243.3,76.3,6.4,"Rain, Partially cloudy",Wednesday,FALSE,1
26-06-2025,27.9,21,23.9,24.3,81.6,6.3,100,53.3,26.3,237.8,84.9,6.4,"Rain, Partially cloudy",Thursday,FALSE,1
27-06-2025,29.9,21,24,24.6,79.9,0.6,100,47.9,28,240.6,74,6.5,"Rain, Partially cloudy",Friday,FALSE,1
28-06-2025,29,21,24.2,24.6,80.2,1.4,100,46.1,22.6,243.3,79.2,6.4,"Rain, Partially cloudy",Saturday,TRUE,1
29-06-2025,29.9,21,24.6,25,75,0,0,49,31.7,251.6,66.4,6.6,Partially cloudy,Sunday,TRUE,0
30-06-2025,29,20,24.3,24.8,75.3,0,0,44.6,35.2,255.1,58.3,6.7,Partially cloudy,Monday,FALSE,0
01-07-2025,26.1,21,23.3,23.3,81,0.8,100,42.5,27.6,252.5,69.1,6,"Rain, Partially cloudy",Tuesday,FALSE,1
02-07-2025,27.9,21,23.4,23.7,83.6,0.4,100,50.4,26.2,248,78.6,6.4,"Rain, Partially cloudy",Wednesday,FALSE,1
03-07-2025,27,20.7,23,23.1,83.7,4.5,100,46.4,27.6,249,81,6.1,"Rain, Partially cloudy",Thursday,FALSE,1
04-07-2025,28,21,23.9,24.3,78.5,0.4,100,51.8,27.9,246.3,67.5,6.4,"Rain, Partially cloudy",Friday,FALSE,1
05-07-2025,27,19.9,23.2,23.3,82.6,0.6,100,49.7,33.6,248.1,74.2,6.7,"Rain, Partially cloudy",Saturday,TRUE,1
06-07-2025,27,20,23.2,23.3,83.4,0.7,100,54,289.9,247.2,73.9,6.1,"Rain, Partially cloudy",Sunday,TRUE,1
07-07-2025,28,20.7,23.7,24.1,78.8,0.8,100,57.6,36.9,250.2,64,6.5,"Rain, Partially cloudy",Monday,FALSE,1
08-07-2025,29,20.9,24.3,24.8,77.1,1.8,100,50,29.2,246.4,65.7,6.6,"Rain, Partially cloudy",Tuesday,FALSE,1
09-07-2025,30,20,24.6,25.2,76.4,0.2,100,47.9,27.8,251.7,60,6.7,"Rain, Partially cloudy",Wednesday,FALSE,1
10-07-2025,29.9,20,24,24.6,81.7,0.1,100,38.2,24,254.5,70.5,6.5,"Rain, Partially cloudy",Thursday,FALSE,1
11-07-2025,29.1,21,23.3,23.7,85.2,7,100,31.3,29.5,253.9,61.4,6.7,"Rain, Partially cloudy",Friday,FALSE,1
12-07-2025,28,21,23.4,23.6,83.4,1,100,34.2,22.6,261.5,70.5,6.3,"Rain, Partially cloudy",Saturday,TRUE,1
13-07-2025,28,21,23.7,24.2,83.1,33,100,36.7,22.3,251.6,77.9,6.9,"Rain, Partially cloudy",Sunday,TRUE,1
14-07-2025,29.1,20,23.6,23.8,80.7,0.1,100,39.2,33.5,246.6,63.4,6.9,"Rain, Partially cloudy",Monday,FALSE,1
15-07-2025,28,20,23.6,23.9,80.1,2.3,100,46.1,27.7,251.3,66.7,7.6,"Rain, Partially cloudy",Tuesday,FALSE,1
16-07-2025,29.9,20.9,23.6,24,82.9,10.7,100,32.8,22.2,254.6,64.7,5.7,"Rain, Partially cloudy",Wednesday,FALSE,1
17-07-2025,28.9,21,23.7,24.2,84.1,13.6,100,30.6,22.5,250.9,82.9,5.7,"Rain, Partially cloudy",Thursday,FALSE,1
18-07-2025,27.9,20,23,23.2,84,17.8,100,27.7,27.7,264.9,76.6,6.4,"Rain, Partially cloudy",Friday,FALSE,1
19-07-2025,25.9,20,22,22,85.7,9.5,100,40.7,20.6,269,67.4,7.3,"Rain, Partially cloudy",Saturday,TRUE,1
20-07-2025,27,20,22.4,22.6,87.2,1.3,100,40.7,24.1,252.5,80,6,"Rain, Partially cloudy",Sunday,TRUE,1
21-07-2025,25.9,20,21.9,21.9,88.9,1.5,100,43.6,24.3,252.1,78.9,5.7,"Rain, Partially cloudy",Monday,FALSE,1
22-07-2025,26,20,21.8,21.8,85.5,1.9,100,54,32.8,256.5,90.4,13.8,"Rain, Overcast",Tuesday,FALSE,1
